{"cameraMode":{"drawMode":0,"name":"Shaded","section":"Shading Mode"},"sceneLighting":true,"audioPlay":false,"sceneViewState":{"m_AlwaysRefresh":false,"showFog":true,"showSkybox":true,"showFlares":true,"showImageEffects":true,"showParticleSystems":true,"showVisualEffectGraphs":true,"m_FxEnabled":true},"in2DMode":false,"pivot":{"x":5.1579999923706059,"y":1.5319197177886963,"z":-1.4799997806549073},"rotation":{"x":0.3567144572734833,"y":-0.016524722799658777,"z":0.006307194475084543,"w":0.9340451955795288},"size":12.12435531616211,"orthographic":false}