{"cameraMode":{"drawMode":0,"name":"Shaded","section":"Shading Mode"},"sceneLighting":true,"audioPlay":false,"sceneViewState":{"m_AlwaysRefresh":false,"showFog":true,"showSkybox":true,"showFlares":true,"showImageEffects":true,"showParticleSystems":true,"showVisualEffectGraphs":true,"m_FxEnabled":true},"in2DMode":false,"pivot":{"x":7.230755805969238,"y":-0.002377629280090332,"z":-13.921253204345704},"rotation":{"x":-0.6496707201004028,"y":0.08650709688663483,"z":-0.07477352768182755,"w":-0.7515647411346436},"size":7.434594631195068,"orthographic":false}