{"cameraMode":{"drawMode":0,"name":"Shaded","section":"Shading Mode"},"sceneLighting":true,"audioPlay":false,"sceneViewState":{"m_AlwaysRefresh":false,"showFog":true,"showSkybox":true,"showFlares":true,"showImageEffects":true,"showParticleSystems":true,"showVisualEffectGraphs":true,"m_FxEnabled":true},"in2DMode":false,"pivot":{"x":-8.869999885559082,"y":1.628546953201294,"z":-2.509999990463257},"rotation":{"x":0.03180301934480667,"y":0.001810520188882947,"z":-0.000061018963606329635,"w":0.999492347240448},"size":1.422182559967041,"orthographic":false}