{"cameraMode":{"drawMode":0,"name":"Shaded","section":"Shading Mode"},"sceneLighting":true,"audioPlay":false,"sceneViewState":{"m_AlwaysRefresh":false,"showFog":true,"showSkybox":true,"showFlares":true,"showImageEffects":true,"showParticleSystems":true,"showVisualEffectGraphs":true,"m_FxEnabled":true},"in2DMode":false,"pivot":{"x":10.40999984741211,"y":0.8209999799728394,"z":-14.89000129699707},"rotation":{"x":0.07224532961845398,"y":-0.001185595989227295,"z":0.00008245450590038672,"w":0.9973852634429932},"size":1.664575457572937,"orthographic":false}